id,name,email,password
230211001,John Smith,john.smith@university.edu,password1
230211002,Emily Johnson,emily.johnson@university.edu,password2
230211003,Michael Williams,michael.williams@university.edu,password3
230211004,Sarah Brown,sarah.brown@university.edu,password4
230211005,David Jones,david.jones@university.edu,password5
230211006,Jennifer Garcia,jennifer.garcia@university.edu,password6
230211007,Robert Miller,robert.miller@university.edu,password7
230211008,Lisa Davis,lisa.davis@university.edu,password8
230211009,James Rodriguez,james.rodriguez@university.edu,password9
230211010,Maria Martinez,maria.martinez@university.edu,password10
230211011,Daniel Hernandez,daniel.hernandez@university.edu,password11
230211012,Laura Lopez,laura.lopez@university.edu,password12
230211013,Thomas Gonzalez,thomas.gonzalez@university.edu,password13
230211014,Karen Wilson,karen.wilson@university.edu,password14
230211015,Christopher Anderson,christopher.anderson@university.edu,password15
230211016,Nancy Thomas,nancy.thomas@university.edu,password16
230211017,Matthew Taylor,matthew.taylor@university.edu,password17
230211018,Betty Moore,betty.moore@university.edu,password18
230211019,Joshua Jackson,joshua.jackson@university.edu,password19
230211020,Dorothy Martin,dorothy.martin@university.edu,password20
230211021,Kevin Lee,kevin.lee@university.edu,password21
230211022,Amanda Perez,amanda.perez@university.edu,password22
230211023,Brian Thompson,brian.thompson@university.edu,password23
230211024,Michelle White,michelle.white@university.edu,password24
230211025,George Harris,george.harris@university.edu,password25
230211026,Melissa Sanchez,melissa.sanchez@university.edu,password26
230211027,Edward Clark,edward.clark@university.edu,password27
230211028,Rebecca Ramirez,rebecca.ramirez@university.edu,password28
230211029,Paul Lewis,paul.lewis@university.edu,password29
230211030,Stephanie Robinson,stephanie.robinson@university.edu,password30
230211031,Mark Walker,mark.walker@university.edu,password31
230211032,Cynthia Young,cynthia.young@university.edu,password32
230211033,Donald Allen,donald.allen@university.edu,password33
230211034,Sharon King,sharon.king@university.edu,password34
230211035,Kenneth Wright,kenneth.wright@university.edu,password35
230211036,Carol Scott,carol.scott@university.edu,password36
230211037,Steven Torres,steven.torres@university.edu,password37
230211038,Patricia Nguyen,patricia.nguyen@university.edu,password38
230211039,Andrew Hill,andrew.hill@university.edu,password39
230211040,Ruth Flores,ruth.flores@university.edu,password40
230211041,Jason Green,jason.green@university.edu,password41
230211042,Anna Adams,anna.adams@university.edu,password42
230211043,Jeffrey Nelson,jeffrey.nelson@university.edu,password43
230211044,Brenda Baker,brenda.baker@university.edu,password44
230211045,Ryan Hall,ryan.hall@university.edu,password45
230211046,Pamela Rivera,pamela.rivera@university.edu,password46
230211047,Gary Campbell,gary.campbell@university.edu,password47
230211048,Ashley Mitchell,ashley.mitchell@university.edu,password48
230211049,Jacob Carter,jacob.carter@university.edu,password49
230211050,Victoria Roberts,victoria.roberts@university.edu,password50
230211051,Nathan Phillips,nathan.phillips@university.edu,password51
230211052,Katherine Evans,katherine.evans@university.edu,password52
230211053,Samuel Turner,samuel.turner@university.edu,password53
230211054,Christine Parker,christine.parker@university.edu,password54
230211055,Benjamin Collins,benjamin.collins@university.edu,password55
230211056,Janet Edwards,janet.edwards@university.edu,password56
230211057,Patrick Stewart,patrick.stewart@university.edu,password57
230211058,Deborah Morris,deborah.morris@university.edu,password58
230211059,Scott Rogers,scott.rogers@university.edu,password59
230211060,Carolyn Reed,carolyn.reed@university.edu,password60
230211061,Abhishekh Negi,negiabhishek9837@gmail.com,password61
230211062,Lakshay Verma,230112505@geu.ac.in,password62
230211063,Rudra Pratap Singh,230112231@geu.ac.in,password63
230211064,Raymond Cook,raymond.cook@university.edu,password64
230211065,Emma Morgan,emma.morgan@university.edu,password65
230211066,Peter Bell,peter.bell@university.edu,password66
230211067,Heather Murphy,heather.murphy@university.edu,password67
230211068,Jack Bailey,jack.bailey@university.edu,password68
230211069,Rachel Cooper,rachel.cooper@university.edu,password69
230211070,Dennis Richardson,dennis.richardson@university.edu,password70
230211071,Maria Cox,maria.cox@university.edu,password71
230211072,Jeremy Howard,jeremy.howard@university.edu,password72
230211073,Debra Ward,debra.ward@university.edu,password73
230211074,Henry Torres,henry.torres@university.edu,password74
230211075,Evelyn Peterson,evelyn.peterson@university.edu,password75
230211076,Adam Gray,adam.gray@university.edu,password76
230211077,Nicole Ramirez,nicole.ramirez@university.edu,password77
230211078,Walter James,walter.james@university.edu,password78
230211079,Samantha Watson,samantha.watson@university.edu,password79
230211080,Arthur Brooks,arthur.brooks@university.edu,password80
230211081,Tiffany Kelly,tiffany.kelly@university.edu,password81
230211082,Gregory Sanders,gregory.sanders@university.edu,password82
230211083,Amy Price,amy.price@university.edu,password83
230211084,Keith Bennett,keith.bennett@university.edu,password84
230211085,Angela Wood,angela.wood@university.edu,password85
230211086,Lawrence Barnes,lawrence.barnes@university.edu,password86
230211087,Kimberly Ross,kimberly.ross@university.edu,password87
230211088,Willie Henderson,willie.henderson@university.edu,password88
230211089,Christina Coleman,christina.coleman@university.edu,password89
230211090,Ralph Jenkins,ralph.jenkins@university.edu,password90
230211091,Lori Perry,lori.perry@university.edu,password91
230211092,Roy Powell,roy.powell@university.edu,password92
230211093,Denise Long,denise.long@university.edu,password93
230211094,Gerald Hughes,gerald.hughes@university.edu,password94
230211095,Julia Flores,julia.flores@university.edu,password95
230211096,Bobby Washington,bobby.washington@university.edu,password96
230211097,Marie Butler,marie.butler@university.edu,password97
230211098,Philip Simmons,philip.simmons@university.edu,password98
230211099,Ann Foster,ann.foster@university.edu,password99
230211100,Roger Gonzales,roger.gonzales@university.edu,password100